<?xml version="1.0" encoding="utf-8" ?>
<dwsync>
<file name="bootstrap-theme.css" server="ftp.seshachalavanadarshani.com" local="130367372980000000" remote="130462560600000000" Dst="0" />
<file name="bootstrap-theme.min.css" server="ftp.seshachalavanadarshani.com" local="130367372980000000" remote="130462560600000000" Dst="0" />
<file name="bootstrap-theme.css.map" server="ftp.seshachalavanadarshani.com" local="130367372980000000" remote="130462560600000000" Dst="0" />
<file name="bootstrap.min.css" server="ftp.seshachalavanadarshani.com" local="130367372980000000" remote="130462560600000000" Dst="0" />
<file name="bootstrap.css" server="ftp.seshachalavanadarshani.com" local="130367372980000000" remote="130462560600000000" Dst="0" />
<file name="bootstrap.css.map" server="ftp.seshachalavanadarshani.com" local="130367372980000000" remote="130462560600000000" Dst="0" />
<file name="main.css" server="ftp.seshachalavanadarshani.com" local="130472800575252952" remote="130472800200000000" Dst="0" />
<file name="jquery-ui.css" server="ftp.seshachalavanadarshani.com" local="130466262094636892" remote="130466346600000000" Dst="0" />
<file name="jquery.dataTables.css" server="ftp.seshachalavanadarshani.com" local="130469727223881804" remote="130469324400000000" Dst="0" />
<file name="bootstrapValidator.min.css" server="ftp.seshachalavanadarshani.com" local="130446281040000000" remote="130472778600000000" Dst="0" />
</dwsync>