<?xml version="1.0" encoding="utf-8" ?>
<dwsync>
<file name="updateroute.php" server="ftp.seshachalavanadarshani.com" local="130467980932792223" remote="130467807600000000" Dst="0" />
<file name="home.php" server="ftp.seshachalavanadarshani.com" local="130472788108570361" remote="130472787600000000" Dst="0" />
<file name=".ftpquota" server="ftp.seshachalavanadarshani.com" local="130467980900152970" remote="130462554000000000" Dst="0" />
<file name="config.php" server="ftp.seshachalavanadarshani.com" local="130467980904453630" remote="130462560600000000" Dst="0" />
<file name="createbus.php" server="ftp.seshachalavanadarshani.com" local="130467980906383642" remote="130466239800000000" Dst="0" />
<file name="createstudent.php" server="ftp.seshachalavanadarshani.com" local="130467980909914029" remote="130467709200000000" Dst="0" />
<file name="freestudentsforallocation.php" server="ftp.seshachalavanadarshani.com" local="130467980914798528" remote="130467824400000000" Dst="0" />
<file name="error_log" server="ftp.seshachalavanadarshani.com" local="130467980916138675" remote="130467816600000000" Dst="0" />
<file name="index.php" server="ftp.seshachalavanadarshani.com" local="130473051919878811" remote="130473051600000000" Dst="0" />
<file name="stopnames.php" server="ftp.seshachalavanadarshani.com" local="130467980931090826" remote="130467816600000000" Dst="0" />
<file name="student-manager.php" server="ftp.seshachalavanadarshani.com" local="130467980931110531" remote="130467657600000000" Dst="0" />
<file name="studentmanager.php" server="ftp.seshachalavanadarshani.com" local="130472786921993937" remote="130472786400000000" Dst="0" />
<file name="updatestudentstop.php" server="ftp.seshachalavanadarshani.com" local="130468040622434659" remote="130468040400000000" Dst="0" />
<file name="allstudents.php" server="ftp.seshachalavanadarshani.com" local="130469727219961297" remote="130469361000000000" Dst="0" />
<file name="getstudentsinstop.php" server="ftp.seshachalavanadarshani.com" local="130468904147469527" remote="130468740600000000" Dst="0" />
<file name="hit.php" server="ftp.seshachalavanadarshani.com" local="130468904150910292" remote="130468514400000000" Dst="0" />
<file name="location.zip" server="ftp.seshachalavanadarshani.com" local="130469727130909886" remote="130469635200000000" Dst="0" />
<file name="dissallocatestudent.php" server="ftp.seshachalavanadarshani.com" local="130469727046039061" remote="130469364000000000" Dst="0" />
<file name="getlisofbusa.php" server="ftp.seshachalavanadarshani.com" local="130469727057700561" remote="130469380800000000" Dst="0" />
<file name="getlistofstopsa.php" server="ftp.seshachalavanadarshani.com" local="130470670590202516" remote="130470373800000000" Dst="0" />
<file name="putcurrentposiotiona.php" server="ftp.seshachalavanadarshani.com" local="130469727143061465" remote="130469563200000000" Dst="0" />
<file name="getcurrentlocation.php" server="ftp.seshachalavanadarshani.com" local="130471941430438206" remote="130471941000000000" Dst="0" />
<file name="bus-list.php" server="ftp.seshachalavanadarshani.com" local="130471948523548039" remote="130471948200000000" Dst="0" />
<file name="messagemanager.php" server="ftp.seshachalavanadarshani.com" local="130472795800906703" remote="130472795400000000" Dst="0" />
</dwsync>